{
  "users": [
    {
      "id": 1,
      "age": 25,
      "height": "5 ft 2 in",
      "graduation": "B.E",
      "profession": "Software Engineer",
      "salary": 50000,
      "state": "Tamil Nadu",
      "country": "India",
      "city": "Chennai",
      "caste": "Brahmin",
      "religion": "Hindu",
      "name": "gayathri",
      "mother_tongue": "Tamil",
      "marital_status": "Single",
      "image_url": "assets/images/nayanthara.png"
    },
    {
      "id": 2,
      "age": 23,
      "height": "5 ft 10 in",
      "graduation": "M.E",
      "profession": "Proffessor",
      "salary": 40000,
      "state": "Kerala",
      "country": "India",
      "city": "Thiruvananthapuram",
      "caste": "Romon Catholic",
      "religion": "Christian",
      "name": "jenifer",
      "mother_tongue": "Malayalam",
      "marital_status": "Single",
      "image_url": "assets/images/nazriya.png"
    },
    {
      "id": 3,
      "age": 27,
      "height": "6 ft 2 in",
      "graduation": "MCA",
      "profession": "Software Engineer",
      "salary": 60000,
      "state": "Tamil Nadu",
      "country": "India",
      "city": "ooty",
      "caste": "muslim",
      "religion": "Islam",
      "name": "shabana",
      "mother_tongue": "Tamil",
      "marital_status": "Single",
      "image_url": "assets/images/sam.png"
    },
    {
      "id": 4,
      "age": 21,
      "height": "5 ft 5 in",
      "graduation": "MBA",
      "profession": "HR",
      "salary": 70000,
      "state": "Delhi",
      "country": "India",
      "city": "Mondoli",
      "caste": "mudhaliar",
      "religion": "Hindu",
      "name": "sneha",
      "mother_tongue": "Hindi",
      "marital_status": "widow",
      "image_url": "assets/images/thrisha.png"
    }
  ]
}