{
  "hash": "ea2b31ff",
  "configHash": "eb9415d0",
  "lockfileHash": "5340716c",
  "browserHash": "ad0f3917",
  "optimized": {
    "@angular/common/http": {
      "src": "../../../../../node_modules/@angular/common/fesm2022/http.mjs",
      "file": "@angular_common_http.js",
      "fileHash": "13f70058",
      "needsInterop": false
    },
    "@angular/core": {
      "src": "../../../../../node_modules/@angular/core/fesm2022/core.mjs",
      "file": "@angular_core.js",
      "fileHash": "0bdc477c",
      "needsInterop": false
    },
    "@angular/platform-browser": {
      "src": "../../../../../node_modules/@angular/platform-browser/fesm2022/platform-browser.mjs",
      "file": "@angular_platform-browser.js",
      "fileHash": "55d1aa78",
      "needsInterop": false
    },
    "@angular/platform-browser/animations": {
      "src": "../../../../../node_modules/@angular/platform-browser/fesm2022/animations.mjs",
      "file": "@angular_platform-browser_animations.js",
      "fileHash": "1f532efc",
      "needsInterop": false
    },
    "@angular/router": {
      "src": "../../../../../node_modules/@angular/router/fesm2022/router.mjs",
      "file": "@angular_router.js",
      "fileHash": "cb5e0b1b",
      "needsInterop": false
    },
    "@syncfusion/ej2-angular-buttons": {
      "src": "../../../../../node_modules/@syncfusion/ej2-angular-buttons/fesm2020/syncfusion-ej2-angular-buttons.mjs",
      "file": "@syncfusion_ej2-angular-buttons.js",
      "fileHash": "0e718d27",
      "needsInterop": false
    },
    "@syncfusion/ej2-angular-navigations": {
      "src": "../../../../../node_modules/@syncfusion/ej2-angular-navigations/fesm2020/syncfusion-ej2-angular-navigations.mjs",
      "file": "@syncfusion_ej2-angular-navigations.js",
      "fileHash": "2cd902f7",
      "needsInterop": false
    },
    "@angular/platform-browser/animations/async": {
      "src": "../../../../../node_modules/@angular/platform-browser/fesm2022/animations/async.mjs",
      "file": "@angular_platform-browser_animations_async.js",
      "fileHash": "876ec421",
      "needsInterop": false
    },
    "@angular/material/card": {
      "src": "../../../../../node_modules/@angular/material/fesm2022/card.mjs",
      "file": "@angular_material_card.js",
      "fileHash": "10c836bd",
      "needsInterop": false
    },
    "@angular/material/button": {
      "src": "../../../../../node_modules/@angular/material/fesm2022/button.mjs",
      "file": "@angular_material_button.js",
      "fileHash": "527b35e7",
      "needsInterop": false
    },
    "@angular/common": {
      "src": "../../../../../node_modules/@angular/common/fesm2022/common.mjs",
      "file": "@angular_common.js",
      "fileHash": "138825f8",
      "needsInterop": false
    },
    "@syncfusion/ej2-base": {
      "src": "../../../../../node_modules/@syncfusion/ej2-base/index.js",
      "file": "@syncfusion_ej2-base.js",
      "fileHash": "747b9791",
      "needsInterop": false
    },
    "@angular/material/dialog": {
      "src": "../../../../../node_modules/@angular/material/fesm2022/dialog.mjs",
      "file": "@angular_material_dialog.js",
      "fileHash": "5902a021",
      "needsInterop": false
    },
    "@angular/material/icon": {
      "src": "../../../../../node_modules/@angular/material/fesm2022/icon.mjs",
      "file": "@angular_material_icon.js",
      "fileHash": "eebd3eda",
      "needsInterop": false
    }
  },
  "chunks": {
    "browser-IZWC2NXC": {
      "file": "browser-IZWC2NXC.js"
    },
    "chunk-SXNUOJMF": {
      "file": "chunk-SXNUOJMF.js"
    },
    "chunk-2YZLDCIE": {
      "file": "chunk-2YZLDCIE.js"
    },
    "chunk-C666XNCI": {
      "file": "chunk-C666XNCI.js"
    },
    "chunk-L2F6KIVV": {
      "file": "chunk-L2F6KIVV.js"
    },
    "chunk-T26POAWN": {
      "file": "chunk-T26POAWN.js"
    },
    "chunk-M4Z42ZG3": {
      "file": "chunk-M4Z42ZG3.js"
    },
    "chunk-KOUYVZ7Z": {
      "file": "chunk-KOUYVZ7Z.js"
    },
    "chunk-H6RLEYV7": {
      "file": "chunk-H6RLEYV7.js"
    },
    "chunk-FPRBC6EC": {
      "file": "chunk-FPRBC6EC.js"
    },
    "chunk-WDMUDEB6": {
      "file": "chunk-WDMUDEB6.js"
    }
  }
}